"id","stratum","BM848.1","BM848.2","BM888.1","BM888.2","MAP2C.1","MAP2C.2","RT24.1","RT24.2","RT30.1","RT30.2","RT5.1","RT5.2","RT6.1","RT6.2","RT7.1","RT7.2","RT9.1","RT9.2"
"1515","ELL","356","356",NA,NA,"107","109","215","219","183","193","110","110","106","106","218","220","114","122"
"1523","ELL","356","372","170","218",NA,NA,"215","219","193","195","110","110","106","110","226","226","120","120"
"1529","ELL","356","374",NA,NA,"109","109","219","221","193","193","110","114","102","108","218","226","112","124"
"1531","ELL",NA,NA,"220","272","109","109","219","221","193","193","110","114","102","108","218","226","112","124"
"1532","ELL","356","356","170","220","107","109","221","221","183","193","110","114","108","110","226","226","120","124"
"1534","ELL","372","386",NA,NA,"107","109","215","215","183","195","110","110","106","96","226","230","120","124"
"1536","ELL",NA,NA,"216","216","107","107","209","221","183","183","110","114","106","106","226","226","116","120"
"1543","ELL","356","356","170","218","109","109","209","219","193","193","104","110","102","106",NA,NA,"114","124"
"1545","ELL","356","356","170","170","107","109","209","221","183","183","110","110","102","108","226","230","116","124"
"15458","BBH","362","370","168","168","101","95","211","219","195","201","106","110","112","114","228","230","104","122"
"15462","BBH","364","374","170","172","103","105","219","223","193","197","108","110","102","112","218","226","122","124"
"1548","ELL","356","356","170","170","105","109","219","219","183","193","110","110","102","108","218","226","114","116"
"1560","ELL","356","386",NA,NA,"109","111","221","221","183","195","110","114","102","108","226","230","116","116"
"1561","ELL","356","386",NA,NA,"109","109","219","221","183","183","104","110","106","106","230","230","122","124"
"1564","ELL","356","372","170","294","105","109","209","221","193","193","110","110","106","106","218","226","116","120"
"1566","ELL","356","356",NA,NA,"105","109","209","219","183","193","110","114","102","106","218","220","116","122"
"1567","ELL","356","356",NA,NA,"109","109","209","219","193","195","104","114","102","110","226","226","122","124"
"15853","BBH","374","374","164","170","101","111",NA,NA,"195","195","114","114","104","106","218","228","122","122"
"15854","BBH","364","372","170","174","109","113","221","221","189","225","106","106","102","108","220","220","102","122"
"15855","BBH","362","362","174","176","105","97","227","227","199","201","110","116","102","104","218","220","114","124"
"15869","BBH","374","376","174","284","105","109","205","259","201","203","116","92","104","106","226","228","122","122"
"15872","BBH","362","386","164","178","105","107","207","211","189","197","92","92","104","106","218","228","104","116"
"15873","BBH","384","386","164","176","111","111","219","221","195","201","110","112","102","102","218","226","124","128"
"15874","BBH","368","374","202","252","105","109","205","223","199","203","108","116","104","110","226","226","104","112"
"15878","BBH","370","370","170","182","103","95",NA,NA,"193","197","108","108","102","108","220","222","116","120"
"15879","BBH","356","376","172","176","105","105",NA,NA,"189","193","106","108","110","96","218","226","112","122"
"15890","BBH","364","372","170","176","109","109","219","219","191","195","112","114","102","112","220","226","110","114"
"15891","BBH","362","374","166","190","103","103","209","209","193","193","112","114","104","90","218","226","118","126"
"15892","BBH","374","380","164","176","109","111","205","217","193","205","108","92","108","110","214","218","114","122"
"15893","BBH","362","372","170","180","101","107","221","221","183","203","102","110","110","92","218","228","104","114"
"15901","BBH","370","380","166","174","105","91",NA,NA,"193","199","114","114","102","106","220","228","118","122"
"15902","BBH","368","376","164","164","105","105","221","229","193","193","114","98","106","94","218","224","116","122"
"15903","BBH","366","374","164","176",NA,NA,"211","217","193","193","120","92","104","110","218","228","116","116"
"15904","BBH","356","362","170","178","105","109","205","209","193","197","106","112","104","92",NA,NA,"120","124"
"15905","BBH","376","386","174","176","113","95","211","219","185","195","108","114","102","108","226","228","116","118"
"15967","BBH","386","386","164","184","111","111","209","223","183","187","108","108","102","98","218","226","116","122"
"16600","BBH","360","360","162","170","105","109","209","219","193","193","108","110","104","94","220","226","122","122"
"16601","BBH","362","374","174","180","109","95","217","219","193","197","108","112","108","112","220","220","114","122"
"16602","BBH","364","368","168","174","103","105","215","243","189","193","110","112","106","110","218","218","114","120"
"16604","BBH","374","386","164","168","109","109","219","221","193","197","110","110","106","106","218","226","114","116"
"16606","BBH","364","364","174","174","105","105","211","215","193","201","102","108","106","108","220","230","124","124"
"16608","BBH","364","364","168","174","105","109","219","225","193","193","108","108","102","96","226","228","120","122"
"16610","BBH","364","372","164","174",NA,NA,"211","215","183","193","116","116","104","106","226","228","114","116"
"16620","BBH","372","380","176","184","109","109","213","215","195","195","102","114","106","110","218","220","110","116"
"16621","BBH","362","372","166","168","111","113","215","219","199","203","108","114","102","104","218","224","114","122"
"16623","BBH","362","374","174","186",NA,NA,"215","221","195","201","106","108","102","108","218","226","110","126"
"17402","LHA","356","356","220","224","109","109","209","219","183","195","104","110","108","96","226","226","122","122"
"17403","LHA","356","386","208","300",NA,NA,"209","209","183","203","104","110","108","108","226","226","116","116"
"17405","LHA","356","374","170","226","107","109","209","209","183","193","110","114","108","108","220","226","122","122"
"17406","LHA","386","386",NA,NA,"109","109","209","211","193","193","104","114","108","94","226","230","120","124"
"17408","LHA",NA,NA,"216","298","113","113","209","209","183","193","114","114","102","102","226","226","120","122"
"17410","LHA","356","362","170","304","109","113","209","211","183","193","114","114","102","108","226","226","116","124"
"17419","LHA","356","384","170","224","107","109","209","221","193","193","110","116","108","96","226","226","116","122"
"17422","LHA","356","386","220","220","109","109","209","209","183","183","110","114","102","108","226","230","122","122"
"17423","LHA","356","384","170","220",NA,NA,"209","221","183","193","114","114","108","108","218","226","116","122"
"17427","LHA","386","386","216","224","105","109","209","209","183","195","110","110","102","108","226","230","122","124"
"17430","LHA","386","386",NA,NA,"109","109","209","221","195","195","110","114","108","108","220","226","114","124"
"17431","LHA","362","368","170","224","107","109","209","221","183","193","110","114","102","102","218","226","116","122"
"17442","LHA","356","384",NA,NA,"109","109","209","209","183","195","114","114","102","110","226","230","124","124"
"17444","LHA","362","372",NA,NA,"109","109","209","209","183","183","114","114","102","108","220","230","122","122"
"17447","LHA","356","386","170","226","107","107","209","209","193","193","110","114","102","96","226","230","116","122"
"17448","LHA","356","362","182","284","109","111","209","221","183","195","114","114","102","110","218","226","120","122"
"17450","LHA",NA,NA,"212","216","107","107","209","221","193","193","110","114","102","102","220","226","116","122"
"17452","LHA","356","386","170","182","109","111","221","221","183","195","114","114","102","102","226","226","120","122"
"17453","LHA","356","386","170","184",NA,NA,"209","219","183","193","114","114","108","108","226","226","116","122"
"17454","LHA","362","372","170","222","105","105","211","221","193","195","110","110","102","108","226","226","116","120"
"17455","LHA","356","386",NA,NA,"109","109","209","221","193","195","110","114","102","102","226","230","116","124"
"17456","LHA","356","386","182","216","109","109","209","209","183","183","110","114","102","108","226","226","114","122"
"17457","LHA","386","386",NA,NA,"109","113","209","219","183","195","110","114","102","108","218","226","116","122"
"17465","LHA","356","372","220","310","105","109","209","209","183","195","112","114","108","96","226","226","116","122"
"17466","LHA","356","362","170","224","107","113","211","211","183","187","110","114","108","108","226","226","122","124"
"17467","LHA","356","356","170","220","109","109","219","221","183","193","114","114","108","108","218","226","116","120"
"17468","LHA","386","386","170","218","109","109","221","221","183","193","114","114","102","108","226","230","114","116"
"17471","LHA","356","368","170","268","107","107","209","219","183","183","110","114","102","102","226","226","116","120"
"17479","ELL","356","372",NA,NA,"109","109","209","209","193","199","110","114","102","108","226","226","116","124"
"17507","ELL","356","386","182","182","107","107","209","209","183","193","110","110","102","106","226","230","116","122"
"17508","ELL","384","386",NA,NA,"107","107","209","215","183","193","104","110","102","110","218","226","116","122"
"17519","LHA","362","372",NA,NA,"105","109","211","211","193","195","110","114","102","102","226","226","116","116"
"17521","ELL","356","372","170","216","107","109","209","219","193","193","104","114","102","102","226","230","120","124"
"17522","LHA","356","384","170","182","107","111","209","221","183","193","104","110","108","96","218","218","116","122"
"17524","LHA",NA,NA,"218","220","109","109","209","221","183","193","114","114","102","108","220","226","116","120"
"17525","LHA","356","372",NA,NA,"107","109","209","211","183","193","104","110","102","102","226","230","116","122"
"17526","LHA","356","372","170","174","107","107","219","221","183","193","104","114","108","96","226","226","116","120"
"17528","LHA","372","384","170","224","107","113","209","211","183","193","114","114","108","108","226","226","122","122"
"17529","LHA","372","384","170","226","107","109","209","209","183","183","110","114","102","102","220","226","116","122"
"17530","LHA","356","362","224","288","105","109","209","209","183","183","110","114","108","108","226","230","120","122"
"17532","LHA","356","362","170","170","109","109","209","209","183","193","110","114","102","108","230","230","116","122"
"17535","LHA","356","384","170","226","103","107","209","211","183","195","110","114","102","108","226","226","116","122"
"17537","LHA","356","356","170","218","107","109","209","209",NA,NA,"110","114","102","96","226","230","122","122"
"17540","LHA","356","386",NA,NA,"109","109","209","221","193","195","110","114","102","94","220","226","122","122"
"17547","LHA","386","386","182","268","105","107","209","209","183","195","110","114","108","108","220","226","116","122"
"17566","LHA","356","372",NA,NA,"107","107","209","209","183","193","114","114","108","110","218","218","116","122"
"17567","LHA","372","386",NA,NA,"107","109","209","219","193","195","114","114","102","102","226","226","114","116"
"17568","LHA","356","386","170","218","109","109","209","221","183","193","110","110","106","108","220","220","122","124"
"17569","LHA","356","356","170","220","107","109","209","221","183","193","110","114","102","104","220","226","114","120"
"17827","BBH","356","372","176","178","105","109",NA,NA,"193","201","110","110","108","96","218","220","104","122"
"17828","BBH","362","386","174","176","101","105","219","219","183","195","102","112","102","110","218","226","110","116"
"17829","BBH","364","370",NA,NA,"101","109","227","229","189","197","108","110","100","94","228","232","110","128"
"17830","BBH","356","362","164","164","105","105","221","221","197","197","104","110","108","108","220","228","100","114"
"17831","BBH","384","386","166","176","107","109","219","219","187","193","116","116","102","112","226","226","124","124"
"17837","BBH","356","356","162","178","103","107",NA,NA,"189","199","104","110","106","90","218","226","114","118"
"17838","BBH","386","386","164","164","107","109","215","215","189","191","102","112","102","112","216","218","120","122"
"17841","BBH","356","362","164","166","103","111","205","225","189","193","104","108","90","96","218","220","124","124"
"17843","BBH","360","384","172","176","107","91","217","219","189","195","102","116","102","96","218","218","110","116"
"17844","BBH","364","386","172","174","105","111","221","221","187","191","110","92","104","104","218","226","118","120"
"17848","BBH","362","370",NA,NA,"101","111","215","219","191","193","110","116","110","90","220","220","110","122"
"17850","BBH","364","372","164","174","101","111",NA,NA,"201","215","110","114","102","102","218","222","116","124"
"17851","BBH","362","372","162","174","109","91","207","209","193","211","110","116","104","104","218","226","114","122"
"17852","BBH","374","382","164","170","107","109",NA,NA,"187","197","110","116","108","110","214","218","116","124"
"17853","BBH","364","372","174","180","103","107",NA,NA,"187","195","108","112","104","112","218","218","124","128"
"17854","BBH","362","368","174","176","107","91","217","219","195","197","114","114","102","106","220","226","114","126"
"17855","BBH","356","384","164","166","101","107","215","219","203","203","110","114","106","110","226","228","112","116"
"17857","BBH","364","380","164","170","105","107","215","217","191","191","108","116","112","92","218","228","102","122"
"17858","BBH","356","366","174","180","101","107",NA,NA,"191","199","110","114","102","108","218","218","122","126"
"17859","BBH","362","384","166","170","105","109","217","235","189","203","110","112","108","108","220","224","104","128"
"17860","BBH","356","384","174","182","111","113","205","221","185","197","108","116","104","110","226","226","112","124"
"17861","BBH","362","374","164","252","107","111",NA,NA,"193","197","112","114","104","88","218","228","112","116"
"17862","BBH","368","384","164","174","109","113","215","217","197","205","114","88","102","106","220","226","112","124"
"17865","BBH","366","372","172","174","103","109","205","209","187","199","112","114","106","112","226","230","116","122"
"17867","BBH","362","362","170","174","103","105","215","219","183","187","110","112","104","106","220","226","102","120"
"20156","QBH","362","384","162","182","109","113","217","219","195","201","110","92","114","96","218","226","114","122"
"20157","QBH","368","384","176","176","105","109","215","219","189","199","102","102","102","102","226","226","114","122"
"20160","QBH","368","374","174","174","105","109","211","219","195","199","110","98","102","104","226","234","116","122"
"20167","QBH",NA,NA,"170","184","109","113","211","235","191","193","112","116","106","110","218","228","110","114"
"20168","QBH","362","380","164","172","101","111","213","219","195","203","108","108","110","112","218","226","116","116"
"20171","QBH",NA,NA,"174","182","105","109","219","227","195","199","110","114","104","112","220","220","104","110"
"20172","QBH","364","372","164","166","109","95","205","217","193","199","110","110","104","96","218","220","110","118"
"20175","QBH","362","384","170","178","103","105",NA,NA,"183","189","114","114","104","110","218","220","112","116"
"20176","QBH","364","380","164","164","101","105","213","219","197","203","108","108","108","110","218","226","116","120"
"20177","QBH","362","364","180","182","107","109","217","219","193","197","102","108","108","96","228","230","116","120"
"20178","QBH","362","376","164","176","103","107","215","219","193","193","110","112","110","90","218","220","122","122"
"20185","QBH","362","374","164","176","103","105","209","219","195","203","116","94","106","110",NA,NA,"110","124"
"20187","QBH","368","386","170","188","107","113","219","227","191","201","112","120","110","110","218","226","114","116"
"20188","QBH","364","386","164","164","103","111","213","227","189","201","108","114","108","108","218","218","112","128"
"20189","QBH","362","372","170","170","109","111","213","215","193","195","108","108","102","112","218","218","104","124"
"20190","QBH","364","364","174","178","103","91","217","225","193","193","116","98","108","108","218","222","120","124"
"20191","QBH",NA,NA,"164","170","107","109","215","219","187","193","92","98","104","110","218","224","104","124"
"20192","QBH","364","374","170","176","101","105","211","219","191","201","112","116","108","88",NA,NA,"116","124"
"20193","QBH","362","368","178","178","107","111","219","219","195","205","102","112",NA,NA,"228","228","122","122"
"20194","QBH","362","372","164","174","103","107","219","223","193","193","102","98","104","108","228","236","122","122"
"20197","QBH","372","372","164","168","101","109","219","229","203","203","110","114","108","92",NA,NA,"120","126"
"20202","QBH","364","384","170","180","103","95","209","221","199","205","110","116","102","110","218","226","116","116"
"20203","QBH","364","364","170","170","103","105","211","221","193","201","102","114","110","96","218","218","116","116"
"20209","QBH","356","370","178","182","103","109","221","223","187","201","110","110","102","112","218","222","114","116"
"20210","QBH","360","362","172","172","107","113","209","219","195","195","110","112","108","90","218","226","116","122"
"20211","QBH","356","368","164","176","105","113","209","217",NA,NA,"110","116","100","90","226","228","104","110"
"20214","QBH","362","362","164","170","103","107","211","219","189","217","110","110","106","108","218","228","114","118"
"20219","QBH","362","366","170","174","105","97","205","217","195","201","110","92","102","112","218","218","102","124"
"20222","QBH","364","384","170","180","103","95","209","221","195","197","110","116","102","110","218","226","116","116"
"20232","QBH","364","374",NA,NA,"101","109","215","229","193","197","102","104","102","104","218","218","116","118"
"20236","QBH","366","366","164","176","101","103","219","221","193","193","110","110","106","108","222","226","118","122"
"20239","QBH","362","364","174","174","91","95","217","219","193","197","114","92","108","108","218","218","116","124"
"20257","QBH","362","368","164","180","103","105","221","223","193","203","114","92","102","110","218","218","112","116"
"20258","QBH","362","376","170","182","109","109","211","219",NA,NA,"110","98","104","104","218","226","104","114"
"20261","QBH","364","364","164","184","101","91","223","233","183","183","102","116","102","108","228","228","116","122"
"20262","QBH","362","372","164","174","107","121","219","223","197","199","114","114","102","108",NA,NA,"112","114"
"20263","QBH","362","374","176","186","103","107","219","221","193","203","110","116","102","110","218","218","114","120"
"20266","QBH","368","380","164","166","105","109","211","217",NA,NA,"116","116","100","100","220","220","120","120"
"20269","QBH","386","386","176","184","115","91","215","221","193","205","110","112","102","112","220","228","116","120"
"20271","QBH","356","386","164","168","103","111",NA,NA,"187","197","106","112","106","94","226","228","116","122"
"20272","QBH","362","374","164","174","107","95","205","205","191","193","102","110","102","90","218","218","104","114"
"20274","QBH","372","374","164","164","103","105","215","215","193","201","108","110","102","88","218","218","122","126"
"20275","QBH","362","386","170","184","111","91","209","221","197","205","110","92","108","110","218","226","114","116"
"20276","QBH","370","384","166","170","107","119","215","223","195","199","106","108","112","112","226","228","118","122"
"20277","QBH","364","364","174","174","103","103","217","219","201","201","92","92","108","98",NA,NA,"122","128"
"20278","QBH","356","368","164","164","105","113","215","219","199","203","110","110","100","108","218","222","112","118"
"20280","QBH","362","384","174","176","103","105","207","221","189","203","108","110","102","90","220","232","112","122"
"20281","QBH","368","372","162","174","107","91",NA,NA,"197","199","110","110","100","106","226","226","114","122"
"20282","QBH","380","386","182","182","109","109","205","215","195","195","102","116","102","104","218","228","122","126"
"20283","QBH",NA,NA,"174","186","107","91","219","221","191","193","110","112","106","112","218","220","122","126"
"20284","QBH","362","364","166","180","103","89","205","217","193","197","102","102","108","110","220","228","116","122"
"20286","QBH","372","376","164","174","105","111","211","219","193","203","110","118","102","110","218","226","104","122"
"21332","QBH","360","384",NA,NA,"105","105","215","215","197","203","114","116","106","94","220","226","118","122"
"21333","QBH","362","362","164","172","105","91","209","221","201","201","102","108","102","106","224","226","114","124"
"21334","QBH","374","386","174","192","105","107","217","221","193","195","110","116","112","96","218","226","120","126"
"21335","QBH","368","374","168","182","107","111","211","223","193","211","112","114","102","102","218","230","120","126"
"21336","QBH","362","362","168","174","105","107","205","223","193","193","110","116","106","112","220","226","116","124"
"21337","QBH","374","374","164","168","109","91","217","219","199","203","112","116","102","104","226","230","118","124"
"21341","QBH","364","372","162","176","115","115","221","225","191","201","110","112","104","108","226","226","122","124"
"21342","QBH","372","386","170","174","105","107","219","237","189","197","108","92","108","110","218","220","122","122"
"21343","QBH","368","372","164","262","111","97","209","221","197","199","104","110","102","110","220","222","116","126"
"21344","QBH","356","364","174","248","103","105","209","215","193","199","108","112","100","104","226","226",NA,NA
"21345","QBH","368","380","164","270","101","103","209","225","189","191","110","112","106","106","218","232","122","124"
"21346","QBH","356","374","164","174","103","109","209","217","193","193","110","112","106","92","218","220","122","122"
"21347","QBH","362","362","168","184","103","107","215","279","189","201","106","92","102","96","226","228","122","122"
"21348","QBH","356","362","164","180","105","111","219","221","193","197","108","116","104","110",NA,NA,"120","122"
"21349","QBH","362","368","174","178","105","97",NA,NA,"195","201","108","112","102","102","218","226","116","124"
"21350","QBH","372","380","164","178","105","105","205","219","199","203","110","112",NA,NA,"226","228","114","126"
"21351","QBH","368","374",NA,NA,"107","111","211","215","195","201","112","116","106","96","218","230","122","124"
"21352","QBH","356","374","168","174","107","91","223","225","197","203","110","112",NA,NA,"218","224","100","122"
"21354","QBH","362","362",NA,NA,"107","91","217","219","187","189","114","98","104","104","226","228","118","120"
"21355","QBH","356","386","164","176","101","109",NA,NA,"189","195","110","114","104","92","220","226","120","122"
"21356","QBH","362","384","176","188","103","105","217","227","195","197","114","116","106","112","218","222","116","122"
"21362","QBH","368","384","174","192","107","91","219","221","187","187","118","92","100","96","218","228","118","120"
"21364","QBH","364","370","170","176","105","109","209","221","199","205","102","108","106","98",NA,NA,"116","126"
"21365","QBH","364","370",NA,NA,"107","111","209","217","193","201","110","112","108","110","228","230","114","116"
"21368","QBH","356","386","174","178","109","111","209","215","195","205","110","92","108","112","220","226","106","126"
"21372","QBH","384","384","164","174","101","91","215","221","193","201","110","116","102","104","220","220","118","122"
"23582","BBH","362","362","180","250","103","113","211","219","193","197","108","110","102","102","222","226","114","122"
"23583","BBH","372","384","176","180","105","91","205","209","197","197","108","112","102","104","218","228","102","124"
"23584","BBH","362","368","182","284","103","107","209","213","197","205","110","110","102","110","218","218","118","124"
"23585","BBH","360","374","174","176","101","121","219","221","187","187","110","114","102","108","228","230","110","116"
"23586","BBH","374","384","170","304","109","111","219","221","195","199","102","112","100","104","218","230","110","122"
"23587","BBH","362","380","174","302","103","111","219","221","189","201","114","92","110","92","218","228","104","110"
"23588","BBH","362","362","170","174","107","91","215","219","187","203","108","110","106","112","218","226","112","114"
"23589","BBH","356","356","164","184","107","111","219","219","193","203","110","112","106","106","218","218","112","116"
"23590","BBH","362","374","176","254","105","99","209","211","197","201","104","116","104","92","218","220","122","126"
"23591","BBH","356","380","164","178","105","107","215","247","189","193","110","116","102","110","218","226","110","120"
"23592","BBH","362","372","164","176","105","113","215","217","193","201","114","114","102","108",NA,NA,"122","124"
"23593","BBH","364","380","166","168","107","109","217","219","199","205","110","116","102","98","218","232","114","116"
"23594","BBH","368","372","164","164","109","109","205","221","191","209","114","114","104","106","226","228","112","122"
"23595","BBH","372","374","162","176",NA,NA,"217","219","193","195","110","112","108","110","218","226","110","120"
"23596","BBH","362","362","170","250","103","107","219","219","189","197","110","116","102","120","218","222","102","114"
"23597","BBH","374","386","178","180","105","105","211","217","183","195","106","110","104","106","218","218","120","122"
"23598","BBH","360","370","164","168","101","111","209","219","193","201","102","92","106","106","226","228","114","122"
"23600","BBH","362","374","166","176","101","115","211","219","201","205","114","114","102","108","218","232","116","126"
"23601","BBH","372","380","178","186","107","117","205","217",NA,NA,"116","92","112","112","218","226","114","124"
"23602","QBH","372","374","164","166","105","109","223","231","189","193",NA,NA,"106","108","218","226","102","128"
"23603","QBH","356","374","164","174","103","103","217","219","193","203","108","112","106","110","226","228","116","122"
"23604","QBH","360","364","168","174","109","95","217","227",NA,NA,"114","114","104","104","218","226","112","124"
"23605","QBH","368","368","174","186","103","105","209","225","191","195","110","110","104","112","218","226","114","114"
"23606","QBH","374","374","164","174","103","91","219","221","187","187","110","112","104","90","218","228","114","118"
"23607","QBH","374","374","168","178","109","97","215","219","195","199","106","116","110","96","220","222","122","122"
"23608","QBH","362","362","174","180","105","119","219","221","189","193","108","112","106","96","218","228","114","116"
"23609","QBH","356","364","168","178","103","91","205","217","199","201","106","110","108","110","226","226","116","120"
"23610","QBH","374","384","186","190","103","109","215","225","199","199","108","114","100","110","210","220","122","126"
"23611","QBH","364","386","164","174","107","113","217","217",NA,NA,"114","116","102","112","218","226","114","118"
"23612","QBH","370","384","174","184","105","107","213","215","193","197","110","116","106","96","218","226","108","116"
"23613","QBH","362","372","170","176","105","105","205","219","195","217","104","112","102","102","218","226","118","122"
"23614","QBH","364","384","166","280","105","91","221","221","193","197","114","114","108","108","220","228","114","114"
"23615","QBH","362","366","174","182","107","97","213","219","187","201","110","112","102","88","210","228","120","122"
"23616","QBH","366","368","176","274","101","101","209","227","183","189","110","98","100","106","226","226","114","120"
"23617","QBH","362","376","164","176","103","95","209","217","193","195","108","116","102","112","218","218","116","122"
"23619","QBH","362","380","178","260","105","105",NA,NA,"199","201","108","112","102","106","218","226","122","122"
"23620","QBH","372","372","166","188","103","109","219","221","197","201","108","112","102","112","218","220","104","124"
"23621","QBH","370","370","164","174","103","105","215","217","193","203","112","118","106","112","220","228","112","128"
"23625","BBH","372","380","164","174","101","105","205","221","197","197","114","114","106","112",NA,NA,"116","122"
"23626","BBH","368","384","166","272","115","115","209","221","199","203","108","112","110","120","220","230","122","126"
"23627","BBH","366","366","170","174","103","107","217","219","191","193","112","114","100","110","226","230","122","122"
"23628","BBH","362","362","164","188","101","103","221","249","203","203","110","92",NA,NA,"218","220","106","116"
"23629","BBH","372","384","164","170","103","105","221","229","183","201","104","92","102","110","228","230","116","124"
"23630","BBH","374","384","164","178","101","97","217","219","193","193","108","112","102","106","218","226","120","124"
"23631","BBH","362","372","174","176","107","111","209","237","199","199",NA,NA,"102","108","218","230","114","116"
"23632","BBH","362","374","166","174","105","105","219","221","193","201","110","118","106","112","218","218","114","122"
"23633","BBH","376","386","168","174","107","109","209","213","195","203","110","112","104","110","226","228","122","126"
"23634","BBH","386","386","168","188","107","115","213","215","197","203","112","114","104","96","226","226","108","122"
"23635","BBH","362","372","174","174","101","107","219","265","191","199","116","92","102","110","220","226","120","120"
"23637","BBH","366","384","164","170","105","91","225","227","193","201","112","114","106","108","220","226","116","122"
"23638","BBH",NA,NA,"162","168","107","109","219","221","189","191","112","112","104","104","218","226","110","120"
"23639","BBH","362","386","162","164","103","109","221","221","193","201","114","116","100","112","218","232","124","124"
"23640","BBH","368","386","164","188","101","109","209","221","201","201","110","116","106","112","218","218","112","124"
"23641","BBH","362","364","164","164","101","105","211","227","187","201","112","114","108","92","218","226","110","116"
"23642","BBH","370","374","172","188","109","117","219","221","193","211","102","110","104","92","210","226","116","124"
"23643","BBH","362","372","174","176","105","113","205","219","193","205","116","116","110","90","218","218","120","126"
"23644","BBH","362","386","164","174","107","117","211","221","193","193","110","110","102","106","218","226","102","122"
"23645","BBH","362","372","164","184","109","111","221","261","193","193","112","114","102","104","220","222","122","124"
"23646","BBH","362","372","182","192","105","109","219","221","197","201","108","112","102","106","228","230","116","116"
"23647","BBH","372","384","174","296","103","109","211","221","193","205","108","110","106","106","218","220","116","122"
"23648","BBH","372","380","170","176","103","111","211","219","183","197","108","110","102","112","220","226","122","124"
"23649","BBH","362","362","174","294","103","113","221","221","193","211","114","114","102","112","226","232","114","122"
"23650","BBH","368","384","176","184","107","109","225","235",NA,NA,"110","114","106","108","222","226","116","116"
"23651","BBH","356","362","170","176","107","97","217","221","187","195","102","104","104","112","218","218","112","120"
"23652","BBH","356","364","176","274","103","107","215","219","193","199","108","112","104","106","222","234","116","120"
"23653","BBH","368","368","170","170","107","111","219","221","187","195","108","112","110","112","228","228","106","122"
"25340","ELL",NA,NA,"182","256","107","107","209","215","193","193","110","112","102","106","218","226","116","124"
"25546","LHA",NA,NA,"170","278","107","109","219","219","183","199","114","114","102","102","226","226","116","116"
"25547","LHA","356","356","170","216","109","109","209","211","183","193","110","114","102","108","226","226","114","122"
"25556","LHA","356","374","176","276","107","109","209","209","183","193","114","114","102","94","226","226","122","122"
"27160","BBH","356","368","170","174","109","91","211","225","185","205","116","116","90","98","226","232","116","116"
"27162","BBH","362","374","172","176","109","113","215","223","191","201",NA,NA,"110","110","220","228","122","122"
"27163","BBH","372","386","174","174","103","89","219","219","193","195",NA,NA,"104","108","226","228","116","122"
"27164","BBH","362","364","164","174","107","109","205","219","183","199","100","100","100","104","218","220","116","122"
"27165","BBH","370","370","174","180","105","95","213","215","187","201","108","112","102","108","218","218","114","124"
"27169","BBH","362","364","174","178",NA,NA,"207","221","201","201","102","108","104","90","218","226","116","118"
"27170","BBH","356","368","172","176","105","117","217","219","197","197",NA,NA,"106","110","218","226","116","122"
"27171","BBH","364","384","168","172","107","113","215","227","199","199",NA,NA,"112","94","218","222","114","114"
"27172","BBH","362","374","164","182","105","97","209","219","197","199","116","96","100","106","226","230","114","116"
"27173","BBH","362","364","172","174","111","91","209","219","189","193","112","114","102","102","218","218","110","120"
"27174","BBH","364","372","174","174","105","95","215","221","183","195",NA,NA,"102","102","224","232","114","122"
"27177","BBH","362","386","164","180","103","107","205","219","199","201","110","114","104","104","218","224","100","114"
"27185","BBH","356","364","174","180","101","105","221","227","195","197","102","116","102","112","218","220","124","124"
"27188","BBH","356","364","174","176","103","105","219","223","193","199","108","116","112","112","210","232","116","124"
"27190","BBH","368","386","164","170","107","113","219","221","193","195","114","114","100","106","218","224","106","112"
"27191","BBH","362","368","176","182","113","95","205","221","195","195","112","116","104","112","228","228","110","116"
"27192","BBH","370","384","180","260","105","107","221","223","191","201","116","92","102","106","218","232","124","126"
"27198","BBH","364","372",NA,NA,"103","109","211","211","187","197","110","116","102","108","226","226","116","126"
"27203","BBH","368","368","174","182","105","109","211","221","189","201","114","116","104","108","218","220","114","122"
"27206","BBH","362","384","162","172","101","103",NA,NA,"193","197","104","116","106","108","218","218","116","122"
"27207","BBH","356","366","174","176","105","91","209","215","195","197","114","116","102","92","218","226","122","124"
"27208","BBH","362","362","168","172","109","119","207","227","183","197","110","92","104","104","228","228","114","116"
"27209","BBH","362","386","174","174","103","105","217","219","197","199",NA,NA,"102","98","218","226","114","116"
"27210","BBH","362","372","188","286",NA,NA,"205","217","189","195","108","110","104","88","226","228","122","124"
"27211","BBH","376","376","174","176","103","113","209","209","189","201","110","116","102","108","218","226","114","120"
"27212","BBH","356","362","162","180",NA,NA,"217","221","183","191","110","114","102","110","226","228","114","128"
"27214","BBH","364","364","174","272","105","109","219","221","185","195",NA,NA,"100","104","218","218","122","122"
"27215","BBH","362","362","168","174","103","113","213","221","187","199","110","114","94","96","218","226","116","118"
"27217","BBH","368","386","168","176","103","109","207","221","195","197","110","110","106","108","218","232","122","124"
"27218","BBH","362","380","170","174","101","105","211","217","201","203","102","92","100","106","220","228","104","118"
"27219","BBH","374","374","164","168","101","105","209","217","193","203","102","112","108","112","220","220","110","118"
"27220","BBH","370","370","162","168","101","105","209","227","203","203","108","112","104","108","220","228","116","118"
"27221","BBH","362","380","164","174","105","107","207","219","201","201","108","112","104","106","228","232","116","122"
"27225","BBH","356","362","176","236","103","109","215","219","193","195","108","116","104","108","222","226","114","116"
"27226","BBH","370","380","174","184","105","105","209","217","193","199","102","110","102","104","218","226","116","116"
"27227","BBH","384","386","164","174","103","113","219","221","195","197","108","112","110","94","226","228","120","122"
"27233","BBH","356","376","164","184","105","111","209","219","197","201","104","112","100","102","218","228","116","118"
"27235","BBH","356","374","176","182","107","91","213","215","185","199","100","92","104","110","218","218","120","128"
"27236","BBH","356","380","176","182","101","103","217","221","187","201","108","108","102","104","218","228","114","122"
"27237","BBH","356","366","176","180","101","95","209","221","187","187","108","112","104","106","218","224","110","118"
"27238","BBH","362","386","164","178","105","107","211","217","197","201","108","110","100","104","228","230","114","116"
"27242","BBH","372","384","174","188",NA,NA,"215","219","187","201","108","116","98","98","226","226","122","122"
"27243","BBH","372","372","174","174",NA,NA,"219","221","193","203","114","116","102","114","220","228","114","124"
"27244","BBH","362","362","174","178",NA,NA,"221","221","189","195","104","116","102","104","218","218","120","124"
"27246","BBH","362","364","162","162",NA,NA,"211","215","183","197","114","116","106","112","218","228","116","124"
"27248","BBH","366","372","164","174",NA,NA,"223","225","195","199","102","102","106","114","220","230","118","122"
"27249","BBH","364","386","174","176",NA,NA,"205","223","193","193","102","92","108","108","210","218","114","116"
"27250","BBH","356","372","174","174","107","111","219","227","193","199","112","92","102","112","218","230","104","112"
"27251","BBH","364","372","172","174",NA,NA,"219","223","195","201","102","116","110","92","226","228","116","120"
"27253","BBH","362","386","164","164","103","103","213","219","203","205","108","110","100","112","230","230","122","124"
"27255","BBH","362","374","164","178",NA,NA,"219","221","193","197","108","108","106","90","226","232","120","126"
"3032","ELL","356","362","170","220","107","109","219","221","183","193","110","114","102","106","220","226","116","124"
"3033","ELL","356","372","170","216","107","109","209","209","183","195","110","114","106","106","218","226","120","124"
"3038","ELL","356","374","170","320","109","109","209","219","183","193","110","114","102","102","220","230","114","114"
"3042","ELL","356","356","170","170","107","109","209","209","193","195","110","110","102","102","226","230","114","124"
"3043","ELL","356","386","170","170",NA,NA,"209","221","183","195","110","110","102","108","230","230","116","120"
"3045","ELL","356","356","170","170","105","111","209","209","183","195","110","110","102","102","226","226","114","116"
"3046","ELL","356","356","170","170","109","111","209","209","183","193","110","110","102","102","220","226","114","116"
"3048","ELL","356","386","170","256","105","109","219","219","193","195","110","110","106","108","218","226","120","124"
"3049","ELL","356","356","170","170","107","109","209","209","183","193","110","110","102","102","220","230","116","124"
"3050","ELL","356","386","170","170","107","111","209","209","193","195","110","110","102","108","226","230","116","120"
"3052","ELL","356","356","170","170","109","111","209","219","183","195","114","114","102","102","226","226","114","124"
"3053","ELL","356","356","170","170","107","109","209","219","195","195","110","114","102","102","226","230","114","120"
"3055","ELL","356","356","170","294","109","109","209","209","183","195","110","114","102","102","220","226","114","124"
"30554","BAN","364","386","164","174","105","89","209","209","187","193","114","98","110","124","218","218","116","124"
"30555","BAN","362","372","170","170","103","109","213","221","187","193","102","114","106","96","220","226","116","124"
"30559","BAN","372","386","182","272","105","109","207","221","183","183","110","116","102","102","220","230","116","120"
"3056","ELL","356","356","170","170","109","109","209","209","183","183","110","110","102","108","226","230","116","116"
"30560","BAN","386","386","182","224","109","89","209","213","183","193","110","112","108","96","220","226","122","124"
"30561","BAN","362","386","170","174","109","109","221","223","193","199","114","116","106","108","220","226","116","122"
"30562","BAN","386","386","170","170","105","109","207","211","193","199","112","92","102","98","220","226","116","120"
"30564","BAN","372","386","164","170","105","109","219","221",NA,NA,"102","106","108","96","220","230","124","124"
"30567","BAN","386","386","170","224","105","109","209","223","185","199","108","116","102","106","220","230","122","124"
"30568","BAN","374","386","164","164","105","109","209","209","187","197","112","98","110","96","218","230","116","116"
"30571","BAN","374","386",NA,NA,"103","109","209","221","183","183","112","112","102","108","226","226","116","116"
"30573","BAN","356","386","174","296","105","107","209","221","183","183","108","114","102","102","220","230","122","124"
"30576","BAN","374","386","164","178","101","109","209","221","183","195","110","116","102","96","218","220","120","122"
"30578","BAN","366","384","170","174","101","109","213","221","183","183","114","116","102","102","218","218","110","124"
"30579","BAN","364","386","164","164","109","109","221","221","183","183","108","116","96","96","220","220","122","124"
"30581","BAN","356","372","174","176",NA,NA,"213","219","183","193","108","114","100","108","220","230","122","124"
"30582","BAN","356","372","170","218","105","109","209","221","193","193","114","114","102","108","220","226","122","124"
"30584","BAN","384","386","174","214","105","107","221","221","183","199","112","114","102","104","220","226","122","122"
"30585","BAN","368","374","170","296","109","109","209","209","183","193","108","112","102","106","220","230","114","116"
"30586","BAN","372","386","164","170","109","113","209","221","183","195","112","114","102","106","220","226","122","124"
"30588","BAN","386","386","174","282","107","89","209","221","193","193","108","112","106","106","226","230","114","116"
"30589","BAN","356","374","218","224","107","109","209","209","183","183","112","114","102","102","226","226","116","124"
"30590","BAN","368","372","164","296","109","109","209","219","183","201","108","114","102","108","230","232","114","116"
"30591","BAN","356","386","170","258","107","109","209","219","183","193","112","112","102","106","220","226","122","124"
"30592","BAN","364","372","170","302","101","109","219","221","183","201","110","114","106","108","218","226","116","122"
"30593","BAN","386","386","174","176","101","109","213","221","183","195","108","114","106","108","218","230","116","116"
"30595","BAN","356","374","216","220","107","109","209","209","183","183","112","114","108","94","226","226","116","116"
"30596","BAN","374","386","174","262","107","109","213","219","185","199","116","116","108","114","218","228","116","124"
"30597","BAN","356","386","174","216",NA,NA,"209","221","183","193","110","112","108","108","226","226","114","116"
"3060","ELL","356","356","170","170",NA,NA,"209","209","193","193","110","110","102","108","226","226","114","120"
"30602","BAN","386","386","170","174","109","109","209","221","193","195","108","116","102","96","226","230","114","116"
"30603","BAN","384","386","174","174","109","109","217","221","183","183","110","114","106","114","218","220","122","124"
"30604","BAN","356","356","164","166",NA,NA,"219","219","193","205","112","92","102","106","218","228","116","122"
"30605","BAN","356","362","164","170","107","109","217","221","185","193","112","114","104","112","226","232","116","122"
"30607","BAN","362","386","258","316","109","109","209","211","193","199","104","110","108","108","226","226","116","124"
"30611","BAN","364","386","222","256",NA,NA,"209","221","183","197","110","112","106","108","220","226","114","124"
"30612","BAN","362","384",NA,NA,"109","109","209","213","193","193","110","116","102","104","218","226","114","116"
"30613","BAN","364","374","164","280","107","109","219","219","183","193","112","114","102","108","226","226","116","116"
"30614","BAN","362","384","170","180","109","109","209","219",NA,NA,"110","110","104","96","226","226","114","124"
"30615","BAN",NA,NA,"174","174","111","95","213","221","187","193","110","92","106","108","218","230","116","116"
"30616","BAN","364","386",NA,NA,"109","109","213","221","187","193","110","116","100","108","226","226","104","116"
"30617","BAN","356","364","182","264",NA,NA,"209","221","183","199","110","114","102","94","218","226","116","116"
"30619","BAN","356","386","168","170","109","109","209","225","185","187","110","116","108","114","220","226","122","122"
"30620","BAN","356","362","164","220","109","109","217","219","193","195","108","110","100","96","220","226","116","124"
"30621","BAN","384","386","170","170","103","107","211","213","195","195","108","110","102","106","220","226","114","122"
"30622","BAN","372","386","166","170","109","109","209","213","183","193","110","116","100","106","220","220","104","116"
"30623","BAN","356","356","164","254","103","109","211","217","195","199","108","116","96","96","220","226","124","124"
"30626","BAN","356","386",NA,NA,"109","109","209","209","183","193","108","114","102","102","226","228","116","124"
"30627","BAN","364","386","170","174","107","109","213","217","183","187","116","116","100","114","220","226","104","116"
"30628","BAN","374","386","170","174","105","107","209","209","193","195","114","114","102","108","226","230","122","122"
"30631","BAN","356","364","174","270","109","109","209","219","183","187","110","110","104","106","220","226","116","124"
"30632","BAN","356","386","174","260","109","109","209","219","197","215","110","112","108","94","226","226","116","122"
"30634","BAN","356","364","176","296","107","107","209","209","183","183","110","112","108","110","220","226","122","124"
"30637","BAN","362","362","170","178","107","109","209","213","183","195","112","114","108","96","220","226","104","124"
"30639","BAN","372","386","174","174","107","109","209","217","189","195","110","112","102","108","230","230","114","120"
"30640","BAN","356","386","164","272","105","109","209","209","183","193","110","114","102","114","220","230","116","116"
"30643","BAN","362","386","174","180","103","109","209","219","197","201","112","112","104","106","220","220","116","122"
"30644","BAN",NA,NA,"174","224","109","109","209","219","183","201","110","110","102","108","220","226","110","114"
"30645","BAN","362","364","170","174","105","109","219","221","183","187","110","116","106","124","220","220","116","122"
"30646","BAN","356","386","170","180","107","109","209","213","187","193","106","110","108","108","218","230","110","116"
"30648","BAN","356","356","170","174","109","109","209","219","183","201","102","110","106","96","220","222","116","120"
"30649","BAN","356","384","170","254","103","109","219","219","199","201","110","110","96","96","222","226","114","120"
"30651","BAN","360","362",NA,NA,"109","99","221","221","183","193","110","92","102","102","220","226","116","116"
"30652","BAN","356","372","170","220","101","109","209","221","183","183","110","116","104","94","226","226","120","124"
"30654","BAN","386","386","164","170","109","109","209","209","183","195","108","110","108","114","226","226","116","120"
"30655","BAN","362","386","174","292","105","111","217","219","183","193","110","116","102","104","218","218","116","122"
"30657","BAN","356","362","164","170","107","109","209","209","193","199","110","116","102","96","226","230","116","124"
"30663","BAN","364","368","174","318","107","109","209","209","183","199","108","114","102","108","226","226","122","124"
"30667","BAN","362","386","218","320","107","109","209","219","183","183","110","112","108","96","218","226","120","122"
"30670","BAN","372","384","164","176","109","109","217","219","183","187","110","116","102","106","226","230","114","124"
"30671","BAN","362","386","164","220","101","109","209","213","183","195","114","114","102","108","226","230","122","124"
"30672","BAN","360","384","174","182","103","109","209","221","183","183","116","92","106","108","218","226","116","116"
"30673","BAN","356","380","164","170","105","109","209","225",NA,NA,"108","108","104","108","226","230","116","124"
"30680","BAN","386","386","170","180","107","109","219","221",NA,NA,"110","114","108","114","218","230","122","124"
"30682","BAN","356","386","174","180","107","97","209","219","193","201","112","112","102","108","218","220","116","120"
"30683","BAN","362","386","174","320","103","103","209","221","183","193","114","92","92","96","220","222","124","124"
"30684","BAN","362","372","176","222","105","109","209","209","183","195","108","108","102","108","228","230","124","124"
"30686","BAN","372","386","168","178","109","109","209","211","187","193","110","116","106","96","226","228","116","122"
"30687","BAN","356","372","166","174","105","109","219","219","187","193","114","114","108","108","220","230","116","122"
"30688","BAN","386","386","170","308","101","103","213","221","183","193","114","116","100","100","226","226","114","114"
"30689","BAN","364","364","170","286","109","109","211","219","183","193","104","110","102","108","226","226","114","116"
"30692","BAN","364","386",NA,NA,"101","107","209","213","183","193","110","116","100","100","226","226","114","118"
"30693","BAN","386","386","170","308","103","105","213","221","183","193","114","116","102","102","226","226","116","116"
"30694","BAN","362","374",NA,NA,"109","109","219","221","183","199","110","112","102","94","228","230","120","124"
"30695","BAN","362","386","170","230","101","109","219","221","187","189","110","114","102","102","218","230","110","122"
"30698","BAN","356","372","170","170","105","113","209","209","183","187","114","114","100","102","220","220","114","116"
"30700","BAN","364","386","174","268","101","109","209","221","183","193","114","98","106","96","218","220","122","122"
"30701","BAN","372","386","174","222","103","109","213","219","183","183","108","112","102","116","230","230","114","116"
"30708","BAN","372","386",NA,NA,"109","109","209","219","193","197","116","92","106","90","226","226","116","122"
"30711","BAN","372","386","164","164","103","109","213","213","183","183","108","112","102","102","226","226","114","120"
"30712","BAN","356","386","168","220","103","109","209","217","183","195","108","110","108","112","226","230","116","116"
"30718","BAN","364","386","164","164","101","109","211","221","183","183","114","116","102","108","226","226","114","122"
"3100","ELL","356","372","170","182","107","113","215","215","183","193","110","112","106","108","218","218","114","122"
"3101","ELL","356","356","170","216","107","113","215","215","193","195","112","112","106","108","218","218","114","122"
"3103","ELL","356","386","170","182","107","109","219","221","183","195","110","110","102","90","218","226","114","114"
"3104","ELL","356","386","170","182","107","113","219","219","195","195","110","112","102","90","218","226","114","114"
"3105","ELL","356","356","170","182",NA,NA,"215","219","193","195","110","112","106","90","218","226","114","122"
"31055","BBH","356","372","164","180","105","95","217","221","191","199","112","114","100","104","228","230","114","120"
"31057","BBH","356","380","174","182","109","91","219","225","187","197","106","110","104","110","218","228","118","120"
"31059","BBH","362","384","166","174","105","107","209","221","195","201","102","102","102","88","218","218","114","114"
"31060","BBH","364","368","164","176","105","113","209","211","197","201",NA,NA,"104","92","218","218","116","116"
"31061","BBH","384","386","174","174","105","107","211","221","193","195","110","110","106","90","220","236","110","116"
"31062","BBH","356","356","162","176","109","111","211","223","195","205","108","114","104","114","226","228","120","124"
"31067","BBH","356","364","174","176","103","107","219","227","183","193","108","114","102","108","218","218","122","122"
"31069","BBH","372","384","164","172","101","107","219","221","193","203","108","110","102","96","218","226","114","128"
"3107","ELL","356","372","170","182","107","109","209","221","193","195","104","110","102","102","218","230","122","124"
"31070","BBH","364","368","162","176","101","97","219","219","197","201","102","112","104","92","228","230","120","126"
"31072","BBH","372","384","164","298","105","107","219","225","195","197","106","114","102","102","226","226","102","114"
"31073","BBH","378","384",NA,NA,"103","105","215","219","193","195","106","114","102","92","218","226","104","114"
"3109","ELL","356","372","170","256","107","109","215","219","193","193","110","114","106","106","218","226","122","124"
"31094","BBH","356","384","174","192","107","111","215","219","189","195","104","112","102","106","218","226","106","122"
"31095","BBH","372","384","164","174","101","91","217","221","191","197","102","110","106","110","226","228","120","124"
"31096","BBH","364","366","170","172","103","99","219","221","191","199","110","110","104","106","220","228","118","120"
"31098","BBH","366","384","164","254","105","109","215","221","193","201","112","116","106","106","220","230","106","122"
"31099","BBH","364","374","174","174","113","91","215","221","193","195","110","110","106","106","218","226","116","124"
"31100","BBH","356","374","170","178","105","113","207","219","195","197","110","112","100","102","228","232","104","124"
"31102","BBH","374","386","172","174","101","111","211","217","197","205","112","98","102","112","218","218","114","122"
"31103","BBH","372","374","174","174","107","113","209","271","193","203","110","114","102","108","226","228","114","126"
"3111","ELL","356","386","164","218",NA,NA,"209","209","183","183","110","112","102","108","226","226","114","116"
"3113","ELL","356","372","170","218",NA,NA,"221","221","183","193","114","114","102","108","220","226","114","116"
"3114","ELL","372","386","170","334",NA,NA,"215","219","183","183","110","114","108","108","218","230","114","114"
"3115","ELL","386","386","170","228","103","103","209","215","183","195","104","114","102","106","218","226","116","122"
"3116","ELL","356","372","182","216","109","109","209","219","183","195","110","110","108","90","226","226","122","124"
"3120","ELL","356","386","254","328","107","107","215","215","193","195","110","110","106","110","226","226","114","122"
"3121","ELL","372","372","216","314","109","109","209","209","183","193","110","114","108","96","218","226","122","122"
"3122","ELL","364","372","220","302","107","109","209","215","193","195","110","114","108","96","218","226","116","122"
"3160","ELL","356","372","170","182","109","109","209","221","183","193","104","114","102","108","226","230","114","116"
"3161","ELL","356","356","170","302","109","109","219","221","183","193","114","114","104","106","226","230","114","124"
"3163","ELL","374","386","182","308","107","109","215","219","193","193","110","112","110","110","226","226","114","122"
"3165","ELL","356","386","170","294","107","109","221","221","183","183","110","110","102","106","220","226","112","112"
"3166","ELL","356","372","170","170","109","111","221","221","193","193","110","114","108","108","226","230","116","124"
"3170","ELL","368","374","170","290","109","109","215","219","183","183","114","114","102","106","218","218","114","116"
"3171","ELL","356","372","218","232","107","109","209","209","183","183","110","114","102","106","218","230","114","116"
"3172","ELL","372","372","170","316","103","109","209","211","193","199","110","114","106","110","218","226","114","114"
"3173","ELL","368","372","170","282","109","109","219","221","183","195","110","114","102","106","220","220","114","116"
"3178","ELL","356","356","170","170","109","111","219","221","183","193","104","114","102","108","226","226","114","114"
"3180","ELL","356","386","170","218","109","109","209","209","183","193","110","110","102","102","226","230","114","116"
"3181","ELL","356","372","170","306","109","109","215","221","193","195","110","110","96","96","218","226","116","124"
"3182","ELL","356","356","258","294","105","107","219","221","183","195","110","110","106","106","218","226","114","122"
"3183","ELL","356","356",NA,NA,"107","109","221","221","193","193","104","114","102","108","226","230","116","124"
"3184","ELL","356","386","170","224","105","113","209","209","193","193","110","114","102","108","226","226","114","120"
"3186","ELL","386","386","170","296","109","109","215","221","193","195","110","114","102","102","218","226","116","116"
"3187","ELL","356","374","170","286","109","109","219","219","193","193","104","114","102","106","218","226","122","124"
"3188","ELL","356","386","218","292","105","109","209","209","183","195","110","114","102","102","218","230","114","116"
"3189","ELL","356","372",NA,NA,"105","111","209","209","193","193","110","114","102","96","218","226","114","124"
"3190","ELL","356","356","170","292","107","107","209","219","193","199","110","114","96","96","226","226","116","116"
"3227","ELL","374","384","280","306","107","111","219","221","183","193","110","112","108","110","230","230","116","120"
"3229","ELL","356","386","164","214","105","107","209","219","183","195","110","110","102","108","220","226","116","122"
"3230","ELL","356","386","284","312","107","109","209","221","193","195","110","112","108","108","218","218","116","122"
"3233","ELL","372","386","170","216","109","109","211","219","183","193","110","114","102","96","226","226","124","124"
"3234","ELL","372","384","220","226","109","109","209","221","193","193","110","114","102","108","218","226","114","122"
"3235","ELL","356","372","216","220",NA,NA,"209","221","193","193","110","110","108","108","218","226","114","122"
"3237","ELL","368","386","170","218",NA,NA,"215","219","183","193","114","114","102","108","220","230","114","122"
"3238","ELL","356","368","218","284","107","107","219","221","183","193","114","114","102","108","230","230","114","114"
"3239","ELL","356","374","226","326",NA,NA,"209","221","193","195","104","114","102","96","226","230","122","124"
"3241","ELL","356","356","182","216","109","111","221","221","193","195","110","112","108","90","226","226","114","122"
"3244","ELL","356","356","170","284",NA,NA,"209","219","193","193","114","114","102","108","218","220","116","124"
"3246","ELL","356","386","170","170","105","109","209","209","193","195","110","112","102","110","226","226","122","122"
"3247","ELL","372","372","216","220","109","109","211","221","193","193","110","114","102","108","226","226","114","124"
"3248","ELL","356","386","170","216","109","109","215","219","183","183","110","114","106","106","230","230","116","122"
"3249","ELL","356","356","182","216",NA,NA,"215","215","193","193","110","114","108","108","226","226","116","120"
"3250","ELL","386","386","170","170","105","109","209","221","195","199","110","110","110","96","226","230","122","124"
"3251","ELL","356","356","220","296","109","111","209","219","183","193","114","114","108","108","218","220","122","122"
"3253","ELL","364","386","216","216","109","109","209","221","183","195","114","114","106","108","218","226","120","120"
"3254","ELL","356","372","170","170","107","109","215","219","183","195","110","114","106","108","218","230","116","124"
"3255","ELL","356","356","226","254","107","109","219","219","183","193","104","110","106","106","218","226","116","120"
"3289","ELL","356","386","170","284","111","111","219","219","183","183","104","114","102","108","220","226","122","122"
"3291","ELL","356","384","170","182",NA,NA,"209","221","183","195","110","110","102","102","226","226","114","116"
"3295","ELL","356","356","170","242","107","109","209","219","193","195","110","110","102","108","218","218","116","124"
"3298","ELL","356","372","170","292","107","109","209","221","183","193","110","110","102","104","226","226","116","124"
"3300","ELL","356","372","170","298","105","109","209","215","183","193","104","110","102","96","220","230","116","124"
"3302","ELL","386","386","170","170","105","107","209","221","183","195","110","114","106","110","218","218","116","120"
"3303","ELL","386","386","170","286","105","109","209","209","183","183","104","114","102","110","218","230","120","120"
"3304","ELL","356","356","170","224","107","109","209","209","193","195","104","114","108","96","218","226","120","122"
"3402","ELL","356","356","170","300","107","109","215","219","193","195","110","112","102","108","218","226","116","122"
"3406","ELL","356","372",NA,NA,"109","109","215","221","193","195","110","112","102","104","226","230","116","124"
"3407","ELL","356","364",NA,NA,"109","111","219","221","183","193","110","110","96","96","230","230","114","122"
"3408","ELL","356","374","170","304","109","109","221","221","183","193","110","110","102","108","218","230","112","124"
"3417","ELL","362","386","224","224",NA,NA,"209","209","193","193","110","114","108","110","226","226","114","116"
"3419","ELL","356","374","242","300","105","111","209","209","183","193","114","114","108","108",NA,NA,"114","120"
"3420","ELL","356","356","170","220","107","109","209","215","183","183","110","112","102","96","218","226","114","116"
"3421","ELL","372","386",NA,NA,"107","107","209","221","193","193","110","110","108","96","226","226","116","124"
"3422","ELL","356","368","170","170","107","109","219","219","193","193","114","114","108","96",NA,NA,"114","122"
"3424","ELL","356","362","170","224","107","109","215","219","183","193","110","110","104","108","226","226","114","114"
"3427","ELL","356","386",NA,NA,"107","109","209","215","183","195","110","114","108","110","226","226","116","116"
"3428","ELL","356","386","170","290","109","109","209","215","195","195","104","110","102","108","226","226","116","122"
"3429","ELL","356","386","226","298","103","109","209","209","195","195","110","110","108","96","220","226","116","116"
"3432","ELL","356","356","182","300","107","109","209","209","193","193","110","110","108","110","218","218","116","124"
"3434","ELL","384","386","220","224","109","109","219","221","183","195","110","110","108","108","220","226","116","122"
"34500","BAN","366","374","174","174","105","109","209","209","183","193","102","110","102","102","218","226","116","124"
"34501","BAN","364","386","164","174","109","89","219","223","183","197","110","92","108","114","218","218","122","124"
"34502","BAN","384","386","170","170","101","105","219","221","193","197","110","110","102","108","218","226","110","116"
"34503","BAN","372","384","182","314","109","109","219","221","193","193","112","92","108","96","218","226","116","122"
"34504","BAN","362","386","174","316","107","107","219","219","187","193","102","114","102","106","226","228","116","116"
"34505","BAN","362","364","170","266","105","109","209","213","183","195","104","114","102","104","228","230","114","124"
"34506","BAN","362","364","172","174","109","109","219","221","189","189","110","110","102","114","218","226","114","122"
"34507","BAN","356","384","182","214","103","111","209","225","183","201","110","114","100","114","222","226","116","116"
"34508","BAN","356","362","168","222","109","109","211","213",NA,NA,"110","110","110","114","226","230","116","116"
"34509","BAN","356","362","164","168","107","109","209","221","193","193","112","116","106","96","220","226","104","120"
"34510","BAN","362","386","214","264","105","109","219","219","183","197","110","112","100","94","220","226","122","124"
"34511","BAN","386","386","256","302","103","109","209","215","187","199","108","110","102","124","226","226","110","116"
"34522","BBH","368","374","166","176","101","107","213","221","189","197","110","112","112","112","226","226","114","118"
"34523","BBH","378","386","174","180","103","103","219","221","193","197","110","92","108","110","218","226","104","124"
"34524","BBH","368","376","164","168","113","95","207","219","193","193","104","110","102","96","218","218","114","116"
"34525","BBH","364","384","164","166","107","107","215","219","193","193","112","116","104","114","218","220","122","122"
"34526","BBH","374","386","174","178","103","109","217","221","197","201","108","114","106","110","218","218","116","120"
"34527","BBH","372","374","166","174","109","97","219","221","195","199","110","112","100","108","218","228","110","122"
"34528","BBH","366","374","174","176","105","111","209","217","183","191","110","116","104","106","218","220","116","118"
"34529","BBH","362","362","166","182","109","95","211","219","193","195","106","112","110","112","218","218","114","122"
"34530","BBH","362","364","164","186","107","109","221","221","193","199","108","116","102","104","218","226","116","116"
"34531","BBH","362","372","162","182",NA,NA,"211","215","197","197","102","104","102","108","218","218","118","124"
"34532","BBH","372","372","174","178","103","91","207","215","183","203","106","110","104","108","218","226","124","126"
"34533","BBH","362","372","164","170","103","103","219","221","189","195","114","114","102","106","218","228","110","116"
"34534","BBH","364","374","168","174","105","111","205","221","193","201",NA,NA,"112","112","218","220","114","124"
"34535","BBH","362","370","164","176","101","117","221","221","195","197","110","116","104","110","226","228","116","124"
"34536","BBH","370","374","164","164","105","109","221","221","197","197","106","114","106","110","218","218","120","122"
"34537","BBH","380","386","178","182","105","109","205","219","187","191","108","110","106","110","218","230","110","114"
"34538","BBH","368","384","168","270","105","97","219","221","187","193","108","108","108","110","220","226","106","126"
"34539","BBH","362","368","166","174","103","105","211","217","195","201","108","98","100","116","226","228","116","122"
"34540","BBH","360","374","168","184","105","109","211","215","201","201","116","92","108","112","226","226","114","128"
"34541","BBH","362","386","174","178","107","113","221","221","187","195","112","112","108","114","228","228","116","126"
"34542","BBH","370","386","174","258","105","105","215","219","183","191","108","110","106","112","218","230","116","124"
"34543","BBH","362","384","172","176","103","107","223","227","189","195","92","92","102","106","218","226","114","116"
"34544","BBH","364","372","174","178","101","101","209","219","187","193","110","112","106","110","226","232","116","124"
"34545","BBH","370","380","170","246","103","105","221","223","193","197","110","92","102","102","226","226","114","116"
"34546","BBH","372","376","168","286","105","89","217","221","187","195","112","112","100","102","226","230","104","122"
"34547","BBH","368","388","162","174","101","105","221","229","195","203","112","114","104","104","222","228","122","124"
"34548","BBH","366","384","174","274","103","105","219","221","193","195",NA,NA,"102","110","218","218","106","114"
"34561","BAN","362","366","170","174","109","109","209","217","195","197","110","112","102","114","220","230","122","124"
"34562","BAN","356","386","174","182","109","109","209","219","193","203","102","116","106","108","218","226","114","120"
"34563","BAN","384","386","170","222","105","109","209","221","183","195","110","114","102","108","226","230","116","122"
"34564","BAN","356","384","164","174","109","109","213","221","183","197","112","112","104","114","226","226","112","122"
"34565","BAN","362","364","164","164","107","99","211","217","183","187","110","114","104","108","218","220","116","124"
"34566","BAN","356","362","170","260","105","109","219","221","183","185","110","114","102","114","220","226","120","124"
"34567","BAN","386","386","256","286","109","109","209","221","183","193","108","110","108","96","220","222","116","122"
"34568","BAN","372","374","178","224","109","109","219","221","193","199","110","98","102","108","220","226","122","124"
"34569","BAN","372","384","176","246","105","109","209","213","193","193","110","116","102","108","226","232","122","124"
"34570","BAN","360","362","182","182","109","109","219","221","187","187","110","112","110","114",NA,NA,"116","122"
"34571","BAN","356","366","180","308","109","109","209","209","183","187","102","112","100","96","220","226","116","122"
"34572","BAN","362","372","164","164","105","109","209","219","183","195","112","116","104","108","220","220","104","116"
"34573","BAN","356","362","170","182","109","109","211","219","183","199","108","98","102","94","226","226","116","116"
"34574","BAN","374","384","170","180","101","105","219","219","183","195",NA,NA,"104","96","226","230","114","116"
"34583","BAN","372","384","170","174","107","109","213","221","183","197","104","110","102","104","218","220","114","116"
"34584","BAN","356","360","170","178","109","109","209","209","183","197","110","110","106","108","220","226","122","124"
"34585","BAN","356","386","170","230","103","109","209","221","189","199","110","116","108","98","218","228","116","122"
"34586","BAN","362","366","164","254","109","109","209","219","193","195","110","110","114","96","218","230","104","122"
"34587","BAN","362","374","174","260","107","109","219","221","193","205","110","110","102","106","218","226","114","124"
"34588","BAN","386","386","174","262","109","109","209","217","193","195","108","110","102","108","218","220","122","122"
"34633","BBH","356","364","174","176","109","109","221","221","193","201","110","112","104","112","224","226","122","124"
"34634","BBH","362","366","172","188","105","105","219","221","189","195","104","106","104","92","220","226","116","120"
"34635","BBH","362","370","174","176","101","107","219","225","197","201","106","114","108","110","218","218","114","124"
"34636","BBH","362","366","164","176","105","107","207","221","193","193","110","110","110","110","218","228","102","122"
"34637","BBH","374","386","162","164","103","107","211","217","189","197","116","116","104","110","218","220","112","122"
"34638","BBH","362","374","168","176","107","111","211","213","193","195","108","110","102","102","218","226","104","116"
"34639","BBH","362","384","164","174","105","109","221","223","193","201","110","110","108","96","218","218","114","116"
"34640","BBH","362","372","176","292","103","97","205","221","199","203","116","116","110","112","228","228","126","126"
"34641","BBH","366","372","164","172","105","111","219","221","197","199","106","112","92","98","220","226","114","122"
"34642","BBH","360","364","176","184","105","109","205","221","187","203","110","110","102","106","218","220","122","124"
"34643","BBH","374","376","168","174","109","111","223","239","193","193","102","116","102","110","220","228","116","118"
